t1,t2,0,1,valence,arousal,subjectivity,entrophy,h,s,v
-0.8209401604296677,0.09990265281608113,0.4734683904282688,0.0860876347083388,0.9977,-0.054888888888888876,0.04571847401779383,0.6444099031491444,0.062037037037037036,0.9090909090909092,0.7764705882352941
-0.11368359674674311,-0.0005457548816123481,-0.09227519333309986,0.06783370852726156,0.9708,-0.05719999999999992,-0.029696969696969666,0.8618188764472505,0.5797979797979798,0.7894736842105262,0.8196078431372549
-0.40904114729010477,0.0401587325214503,0.35738123132746424,-0.032518540857889744,0.9818,0.29400000000000004,0.12863636363636366,0.4421290370455213,0.5787037037037037,0.5625,0.7529411764705882
-1.0,-0.07060598210742464,0.8759513070553584,0.45728666855728606,0.989,-0.04761904761904778,-0.308929239484795,0.5062160379163034,0.06833333333333334,0.5617977528089887,0.6980392156862745
0.2408105249385608,0.2252338922267214,-0.4908352608611931,-0.3754394225225106,0.9617,0.004999999999999893,-0.04156746031746039,0.8565740604064693,0.09941520467836257,0.5786802030456852,0.7725490196078432
-0.019334337123773637,-0.11633925569826864,-0.27772915254777786,-0.4115827741765006,0.9981,-0.010666666666666713,0.17725000000000035,0.8971797986047008,0.5507726269315674,0.825136612021858,0.7176470588235294
0.1597012789942689,0.013495923418664013,-0.6451534706471792,0.06317215507313101,0.9869,-0.017750000000000044,0.28333333333333344,0.9194455833839565,0.5584192439862542,0.6024844720496895,0.6313725490196078
-0.6099174003346868,0.8201976689877182,0.5840875074254055,-0.8315477700070987,0.9538,-0.264,-0.027272727272727226,-0.015006978801184068,0.0,0.0,0.0
0.30414742013913965,0.45863719639789347,-0.4484109052855533,0.48397928967674075,0.9975,-0.11244444444444435,-0.1935434173669467,0.7527107653673606,0.08589743589743591,0.7027027027027026,0.7254901960784313
-0.9106972089327025,0.05360430325667931,0.5047377460536497,0.36301449594527546,0.9791,-0.14981818181818174,0.3819444444444444,0.5117739825962808,0.03892215568862273,0.7952380952380952,0.8235294117647058
-0.5075439353242048,0.5014362551276987,0.1379192620097376,-0.9480422890050304,0.8316,-0.020000000000000018,-0.29999999999999993,0.5088276929722915,0.10175438596491226,0.4481132075471699,0.8313725490196079
-0.8397748725505375,-0.14249754997082542,0.4946647328019156,0.6323089873606957,0.9955,-0.0714285714285714,-0.2589262919620062,0.9204396975760971,0.11666666666666665,0.6132075471698113,0.8313725490196079
-0.9484634066186215,-0.11918240692888227,0.7209669196562596,0.6377931646884436,0.9951,-0.08376470588235296,-0.2600729343120648,0.8376134492345655,0.04666666666666667,0.7389162561576355,0.796078431372549
0.21004487487318046,0.25581767080683426,-0.45822084897171333,-0.44257513270336,0.9764,-0.057499999999999996,0.08207070707070696,0.9036679461685941,0.03698232877455424,0.739098103399892,0.6949713735623614
0.27491176946029916,-0.2427898668574745,-0.3876034327144121,0.6804339830168589,0.9366,0.08860000000000001,-0.3778736614262931,0.9621839701826627,0.985,0.8658008658008658,0.9058823529411765
0.16969524349293885,-0.05119557431608712,-0.4985801956750241,-0.04768728681982504,0.9887,-0.0005333333333332746,0.03222222222222215,0.9765502780589186,0.6496598639455783,0.5664739884393064,0.6784313725490196
-0.3252077810503232,-0.30982922897443455,-0.30987247449333155,-0.23506825717639301,0.8439,-0.10000000000000009,-0.47291666666666665,0.9186765689565151,0.0,0.0,0.0
-0.9484987939228363,-0.15060531247691744,0.7687112657524553,0.5270567402513742,0.8247,-0.008000000000000118,-0.21485690235690236,0.876614329855395,0.021276595744680864,0.7121212121212122,0.7764705882352941
-0.7633639331873252,0.2381772601423846,0.6163950229920128,-0.10566325242236185,0.981,-0.23759999999999992,-0.05476190476190468,0.8602871469737081,0.043417366946778724,0.6230366492146597,0.7490196078431373
-0.5226854887538385,0.10347695108924904,0.4391735167552173,-0.14747061624427316,0.8957,-0.12030769230769223,-0.39840909090909105,0.049739973148666294,0.5666666666666668,0.7065217391304347,0.7215686274509804
-0.5379638971660987,0.4870400818995424,0.3572928146603773,-0.8919863946264253,0.7572,-0.13466666666666682,-0.1207954545454546,0.49209830415013234,0.02692307692307694,0.6403940886699507,0.796078431372549
-0.9160905229709945,-0.17041205707241946,0.776538157692652,0.5230510618517377,0.9933,-0.05309090909090908,-0.003484848484848313,0.9167123071723959,0.06976744186046512,0.745664739884393,0.6784313725490196
-0.40363134324950856,0.32914481925252304,0.19976162386857532,-0.546711487339232,0.9946,-0.3014444444444444,-0.052562976705833875,0.6858294378349643,0.5466666666666667,0.6818181818181818,0.8627450980392157
-0.3403382609017671,-0.45662419240614927,0.007702893288251023,0.7573752896402186,0.9715,-0.11240000000000006,-0.10222222222222221,0.940613184819328,0.0,0.0,0.0
-0.33496777608807626,0.06554196157925762,0.32676099140594905,-0.13058304305147617,0.9778,0.13280000000000003,0.2695238095238095,0.8309085696480587,0.5587121212121212,0.5534591194968553,0.6235294117647059
-0.22264330684648437,0.5002452035257472,-0.5084648465388922,-0.6054120049065255,0.5859,-0.11250000000000004,-0.25,0.9597096594935024,0.0,0.0,0.0
-0.726473912314834,0.43776659087818826,0.7078644635726192,-0.6269828371093256,0.7574,0.18500000000000005,0.18333333333333335,0.8754293788507568,0.12795698924731183,0.6681034482758621,0.9098039215686274
-0.04503815830667013,0.2692806543425499,-0.06390825653316456,-0.06325982221545079,0.9738,0.0886666666666669,0.2680555555555555,0.8327282115996189,0.05892255892255893,0.518324607329843,0.7490196078431373
0.4790004635255394,0.18875634208096526,-0.6512427733888182,-0.41582787804223587,0.5815,-0.029000000000000026,-0.6499999999999999,0.7938243780032475,0.16455064342639597,0.5674248067565174,0.7558000950535683
-0.7139712005921315,0.47026381155048846,0.49789880952299836,-0.6503934936889333,0.9393,0.03839999999999999,0.3999999999999999,0.9098457134388231,0.05892255892255893,0.518324607329843,0.7490196078431373
-0.5927024397540173,0.04374568917838184,0.15117764650040755,-0.09164559252862814,0.9633,0.18088888888888888,-0.49444444444444446,0.5388460719856158,0.017730496453900697,0.5465116279069767,0.6745098039215687
0.35880949084289315,-0.02962386786204063,-0.37841120645823245,-0.30384745372127464,0.9973,-0.058533333333333326,-0.10599307859048102,0.5222191475992468,0.5945017182130584,0.708029197080292,0.5372549019607843
-0.2106393123741257,0.036383163940353125,0.09929728646141589,-0.03898526338913577,0.8658,0.02750000000000008,-0.08333333333333337,0.9517127079318293,0.5570987654320988,0.7826086956521738,0.5411764705882353
-0.7696556915604047,0.7317770729828645,0.4298353648407198,-0.5695292289447931,0.8946,-0.04466666666666674,0.2875000000000001,0.916248248079226,0.0,0.0,0.0
-0.6348790109272544,0.3168201273357176,0.33357517999155895,-0.3525150031009884,0.9445,0.03849999999999998,0.0,0.8973950427039614,0.050964187327823686,0.6722222222222223,0.7058823529411765
0.13531972730270558,0.45868722810804763,-0.28018950847937374,-0.2550760338365461,0.3798,-0.028000000000000025,0.5,0.7716785942302176,0.0474344167629099,0.6699686243165808,0.5875209191957069
-0.7736539754767586,0.6873638396236139,0.9618962322480169,-0.6103899395787644,0.9841,0.35150000000000015,0.27976190476190466,0.9139330603732243,0.0,0.0,0.0
-0.0006327286103103846,-0.004280289034834461,-0.2450194215494912,0.09417315357639833,0.9629,-0.020400000000000085,0.25688888888888894,0.9502594135918176,0.6286008230452675,0.8059701492537313,0.788235294117647
-0.7735018742632911,0.4026308093505777,0.7908393082949361,-0.5925104487159483,0.9862,-0.10300000000000009,0.17619047619047623,0.9310919557345398,0.0727580372250423,0.8873873873873874,0.8705882352941177
-0.017045867844146412,0.2141762824577711,-0.12648531619656245,0.40307782124870006,0.9528,0.23581818181818193,0.16712962962962963,0.8857487063032461,0.06973995271867613,0.7085427135678393,0.7803921568627451
0.34714171086702805,0.21086139077802857,-0.6297545524430896,-0.15088758382242096,0.9574,-0.21742857142857142,-0.2270833333333333,0.8940929426265072,0.10026041666666667,0.6564102564102564,0.7647058823529411
-0.40454505387596695,0.28711665810002374,0.31730814857434253,-0.6724047466449568,0.6661,-0.21999999999999997,0.01666666666666683,0.8666643205027103,0.5443722943722943,0.8700564971751412,0.6941176470588235
-0.8853294066532064,-0.5237217108694352,0.905087269894193,-0.1522242522229883,-0.0762,0.2826666666666666,0.55,0.9244882353435679,0.0,0.0,0.0
-0.5817250733052821,0.40364051104884324,0.30409012939931857,-0.6286865750438506,0.9492,0.1745714285714286,-0.07976190476190481,0.6111682043524569,0.026233422136808387,0.8475818541893849,0.48970361642345467
-0.8613756521625394,-0.011801495438588439,0.5986369551414876,0.32893248730611657,0.9939,-0.1544000000000001,-0.09773574251835149,0.6686636229215073,0.06666666666666667,0.6868131868131868,0.7137254901960784
0.30927436647597784,0.2515836721373488,-0.655769276107617,-0.16507351202639753,0.9943,-0.004461538461538628,-0.06177777777777782,0.8907873477955202,0.1394927536231884,0.5786163522012578,0.6235294117647059
-0.3595130040920482,0.2266296846602016,0.29260332164846936,-0.47412243936787535,0.9736,-0.12849999999999984,0.1565079365079367,0.9521542676494734,0.5964912280701755,0.7402597402597403,0.6039215686274509
0.353351942026769,-0.02585885127755183,-0.4198622973097649,-0.24669685797854812,0.9688,-0.11345454545454559,-0.0722222222222223,0.5059099677952865,0.6084142394822006,0.6023391812865497,0.6705882352941176
-0.7665599845098294,-0.05819875492057047,0.4223635568520667,0.3917429353543065,0.9896,-0.031714285714285695,-0.3116402116402117,0.7150561108614748,0.0839328537170264,0.6619047619047619,0.8235294117647058
0.4284316848292742,-0.05360645979590983,-0.49247372200235406,-0.19026497386952246,0.9486,-0.1060000000000001,-0.27222222222222214,0.16893360217179865,0.9914089347079038,0.751937984496124,0.5058823529411764
0.30914573643367316,0.2232805290827271,-0.7177773783340735,-0.2983103122479297,0.9108,-0.13676923076923075,-0.03313492063492063,0.9214916805552771,0.015151515151515157,0.7371134020618557,0.7607843137254902
-0.06302555613335192,0.026490657089679903,-0.040823288906502,0.16221888221872405,0.9892,-0.007473684210526077,0.22182539682539693,0.9454256617831107,0.5833333333333334,0.625,0.6901960784313725
-0.6215431328107595,0.2866645271122721,0.34835520878148674,-0.2695277026398126,0.8265,0.08571428571428585,0.07463991769547329,0.7823614334149136,0.11647727272727271,0.7927927927927928,0.8705882352941177
-0.05789591161487151,0.42549237200979806,-0.1415544639446562,-0.06396892715614089,0.9933,0.0928,-0.00014141414141410902,0.2968958529487402,0.07681159420289856,0.7419354838709677,0.6078431372549019
-0.05127733222897124,0.23197441136810326,-0.048205358338933246,0.15952350938943294,0.9916,0.039000000000000146,0.34012345679012346,0.855601941251509,0.09941520467836261,0.5615763546798029,0.796078431372549
0.40034531910421345,0.22204068954208478,-0.7751540716297654,-0.21413397591681527,0.9946,-0.0811428571428573,-0.30532708032708034,0.7109922141347653,0.06172839506172839,0.5714285714285715,0.7411764705882353
0.1967111031438411,0.346875303043914,-0.5100993556403715,-0.2434431334877718,0.7998,-0.1206666666666667,0.21736111111111112,0.6433290746163443,0.037037037037037035,0.6644295302013423,0.5843137254901961
-0.9161669146118392,-0.04121530634913628,0.5563857261593546,0.6041150817602057,0.9994,-0.0863902439024391,0.04713795695045708,0.7047418882740379,0.09437751004016064,0.7904761904761904,0.8235294117647058
-0.015191053527791154,0.469528100669097,-0.3604385019698193,0.12009624443120126,0.8225,0.033600000000000296,0.3109557109557106,0.14597495079261802,0.058080808080808066,0.6407766990291262,0.807843137254902
-0.45294696201397566,0.2806677833059632,0.6603430125144742,-0.7052521380875372,0.9026,-0.32600000000000007,0.0776105442176871,0.9094520395553161,0.6204481792717087,0.672316384180791,0.6941176470588235
-0.7543556575733465,-0.2640127405529238,0.32684668252842775,0.42355799952112183,0.9956,-0.026999999999999913,0.18221645021645005,0.8929303119541991,0.5704607046070461,0.6180904522613065,0.7803921568627451
-0.6517027452002158,-0.10772055638872635,0.10362973040411783,0.3162058293130414,0.9875,0.00628571428571445,-0.3402777777777778,0.8921265907624303,0.05725190839694655,0.6894736842105262,0.7450980392156863
0.4002442125207426,0.36697765901588086,-0.858140690704789,0.18752796238421365,0.9664,0.15696296296296297,-0.0952415966386555,0.6882122496365941,0.04901960784313727,0.5748792270531401,0.8117647058823529
-0.34689301675685147,0.969920309957478,-0.6941379122846156,0.19905091085656634,0.9497,-0.04200000000000004,-0.18112554112554125,-1.0,0.0,0.0,0.0
-0.7264594283955352,-0.6221589601717495,0.7778077163711064,0.40042690205196707,-0.9758,-0.12959999999999994,0.0944535693065105,0.4625232770722827,0.006410256410256425,0.921985815602837,0.5529411764705883
-0.48073159279419797,0.37945172387326664,0.05193827786191374,-0.4915002119792319,0.9969,-0.18899999999999995,0.026698412698412666,0.6626815807925488,0.11111111111111112,0.7974683544303798,0.9294117647058824
-0.06976497192908104,0.6203456617431908,-0.04397745265967501,0.7384385327684733,0.9752,-0.09950000000000003,-0.15567901234567894,0.18219563795542082,0.11151960784313723,0.6601941747572815,0.807843137254902
0.25859689820248155,0.0248441143109428,-0.9304760994949157,-0.09420089962050882,0.9946,-0.12273684210526314,0.05269696969696969,0.8874791923681302,0.6615646258503401,0.5326086956521738,0.7215686274509804
0.2846054433938945,0.013470576559891034,-0.7392656265352482,-0.10574989748545349,0.9939,-0.10281818181818181,-0.048453583453583415,0.7484055759532802,0.6212121212121212,0.7374301675977654,0.7019607843137254
-0.031891413695921744,0.05702511611910577,-0.10833121990061856,0.12582285895183998,0.9855,0.22044444444444444,0.44153439153439167,0.897286823955215,0.5729166666666666,0.6213592233009708,0.807843137254902
-0.0006070607782565629,-0.19284734213861998,-0.3676125714654831,-0.7981918464515385,0.9935,0.09440000000000004,0.004478854478854544,0.9166074516673217,0.556497175141243,0.686046511627907,0.6745098039215687
0.34201628915327387,0.3144025565842794,-0.6143593137242209,-0.04945777334180257,0.9915,0.1373333333333333,-0.297893217893218,0.7258547122696553,0.07564102564102564,0.7065217391304347,0.7215686274509804
0.12945516430562076,-0.14704577145185793,-0.20235665705071815,-0.003875138440631476,0.899,-0.015666666666666607,0.0347171717171717,0.9422249734939474,0.6666666666666666,0.060975609756097685,0.6431372549019608
-0.8556011021099058,0.4900136184950905,1.0,-0.4368505895966235,0.9787,-0.21799999999999997,0.7833333333333332,0.5361036784181485,0.08414239482200649,0.5628415300546448,0.7176470588235294
-0.5554430588785764,0.16229686955160405,0.3938509260651053,-0.44157297720640676,0.9279,0.04436363636363638,-0.4381507936507937,0.177864740752117,0.1435897435897436,0.8369098712446351,0.9137254901960784
0.12611644035977432,-0.001854192430623458,-0.5556983710646373,0.33263165095912584,0.9902,0.04800000000000004,0.15714285714285703,0.9659601214626914,0.5277777777777778,0.6440677966101694,0.6941176470588235
-0.09503775107182,0.4004940099765719,0.042221357013228156,0.07847905889125117,0.9872,0.1200000000000001,0.04577777777777792,0.39247361994590757,0.11594202898550725,0.688034188034188,0.9176470588235294
-0.009006811173384754,0.31358271058164267,-0.07635515099994106,0.05868509098481156,0.9968,0.029200000000000115,-0.05625000000000013,0.7640526307847391,0.07089552238805968,0.690721649484536,0.7607843137254902
-0.27876736069248054,0.01978604683409424,0.15750630656953013,-0.19912725527743802,0.8396,0.16971428571428615,0.2777777777777777,0.8750742847371356,0.5632911392405063,0.6752136752136753,0.9176470588235294
-0.7009390434426502,0.33877144989207886,0.5511945448769777,-0.4577795560442155,0.9869,-0.25439999999999996,-0.08537131519274366,0.8309367851217704,0.026041666666666668,0.518918918918919,0.7254901960784313
-0.6198222746870881,-0.6914010816719321,-0.8713257853009472,-0.3666336376085908,-0.9082,0.006200000000000205,-0.14351010101010098,0.9144743028183522,0.05849889624724062,0.722488038277512,0.8196078431372549
-0.6846242925498129,0.3010730176900813,0.4360603451929501,-0.30112597017463794,0.9611,0.0017142857142857792,-0.0034188034188034067,0.9248380090031834,0.06737588652482268,0.47,0.7843137254901961
-0.7858423339925188,0.12228538352274843,0.5441886959945259,0.06664940488414861,0.7823,0.1803999999999999,0.025054112554112606,0.7532059839385126,0.09395973154362415,0.7842105263157895,0.7450980392156863
0.3222425696992477,0.4291972863474458,-0.5072846039572455,0.34374871132843987,0.9794,0.10942857142857165,-0.026666666666666616,0.5831961525829232,0.09078590785907859,0.5942028985507246,0.8117647058823529
-0.7226607898598763,-0.5721478324293188,0.8410576857427987,-0.19085548951258136,-0.4114,0.03400000000000003,-0.3621064814814816,0.9083215625332886,0.09318996415770608,0.5670731707317074,0.6431372549019608
-0.6298027382471321,-0.6855806324401356,-0.47040299766298177,0.36329228345173314,-0.8593,0.011333333333333417,0.04583333333333317,0.7077413034041662,0.027548209366391185,0.6914285714285714,0.6862745098039216
-0.48637370124681667,0.7021741887490602,0.722070656200757,-0.8147788568057462,0.9718,-0.07233333333333336,0.15222222222222204,-0.39515709380528174,0.11707988980716255,0.6875,0.6901960784313725
-0.553337072939533,-0.14545270708463853,-0.12872765581495627,0.18937511847601707,0.8468,-0.20475,-0.4733333333333334,0.9418725448085443,0.08148148148148149,0.625,0.5647058823529412
0.06866677689424106,-0.3234973144366198,-0.2713512350737254,-0.7880956115597433,0.8547,0.4966666666666668,-0.4202380952380952,0.8818122690051537,0.07575861696888124,0.8401805045923681,0.8246006389776384
-0.8242613512100472,0.476307056360862,0.7194142314039156,-0.4803655445917495,0.8399,0.06133333333333346,0.6833333333333331,0.6918414356719278,0.07395833333333333,0.7804878048780487,0.803921568627451
-0.7128110426684626,-0.15486682708242538,0.34928162139378083,0.3874467138994462,0.6369,0.0020000000000000018,-0.4,0.9733625506694028,0.04661016949152541,0.5514018691588786,0.8392156862745098
-0.7922904063533772,0.750939659310133,0.764584573172219,-0.4255372900155261,0.7649,-0.487,0.29000000000000004,0.9073673467570185,0.0,0.0,0.0
-0.36495384223673755,-0.3843835986986619,0.12049275666078807,0.16877746923098624,0.9372,0.05449999999999999,-0.2383333333333334,1.0,0.0,0.0,0.0
-0.11505565721826971,0.18358369717326473,-0.19267590481778174,0.747690339429786,0.8707,-0.21120000000000005,0.7,0.8575344675707508,0.05819381436919735,0.6287419907840712,0.6412427396405754
-0.4696763702640242,-0.3690675160475606,0.8249052362209071,0.20933629854416402,0.7717,-0.09866666666666679,-0.4,0.968690925033056,0.0,0.0,0.0
-0.4232373942859453,0.9296334288536445,-0.06554599540500439,-0.6785033162382633,0.8934,-0.28600000000000003,-0.033333333333333326,-1.0,0.0,0.0,0.0
-0.7752951921051165,-0.11159127097916466,0.35391902652268326,0.48945507232709584,0.9994,-0.018711864406779632,-0.2286829709243502,0.8243257691090233,0.1055045871559633,0.5532994923857868,0.7725490196078432
-0.7742100616858487,-0.11010077387460437,0.3540249956970465,0.48941626057187637,0.9994,-0.018711864406779632,-0.2286829709243502,0.8157358724742958,0.10648148148148147,0.5510204081632654,0.7686274509803922
-0.8600835742204371,-0.35186938650330624,0.8568636640341085,0.3232406234792313,0.2732,-0.15124999999999988,0.0,0.8883678135739199,0.9456403011411897,0.605349623830111,0.6213860335566043
-0.20990070771799907,-0.46164317135563826,-0.07532691204108821,0.4134526067994433,0.829,-0.05700000000000005,0.8999999999999999,0.9349418469636694,0.0,0.0,0.0
-0.8806176793768208,-0.2735583755911375,0.8220289144850839,0.21994926943820925,0.9645,-0.1382500000000001,0.08750000000000013,0.9866061968721227,0.5229357798165138,0.6488095238095238,0.6588235294117647
-0.42026688687573555,0.923557404646963,0.045495008642020496,-0.5072976865713643,0.1695,0.04150000000000009,0.20454545454545459,-1.0,0.0,0.0,0.0
0.16935932489368866,-0.031392320305014376,-0.468664699822826,0.15013299976301386,0.9565,-0.06019999999999981,-0.07210368996083272,0.921811265440921,0.5612745098039215,0.7906976744186047,0.6745098039215687
-0.37110258695236387,0.9666474256558679,-0.587071951515832,-0.2824325635532271,0.7717,-0.017999999999999905,-0.3666666666666667,-1.0,0.0,0.0,0.0
-0.49860667504861633,1.0,0.7614910800420225,0.1239026582645395,0.4738,-0.31100000000000005,-1.0,-1.0,0.0,0.0,0.0
-0.47113092086873176,0.9123080133426988,0.4616629665127323,-0.7631296774604138,0.9198,-0.05166666666666664,-0.07222222222222219,-1.0,0.0,0.0,0.0
0.3748238909881656,0.28237829004132653,-0.7655948235366585,-0.08907367324236104,0.9877,0.0863636363636362,-0.15347222222222212,0.9101675352317442,0.11240310077519382,0.57847533632287,0.8745098039215686
0.25180642759426575,0.2867639084643585,-0.400322227511293,-0.11968681312017215,0.9809,-0.05873684210526309,-0.22011544011544004,0.8774882463994793,0.08690476190476192,0.717948717948718,0.7647058823529411
-0.492837822271718,0.03275031813467355,0.2340228370657167,0.07451660762909906,0.8516,0.03600000000000003,-0.3589285714285715,0.48987320689790637,0.57,0.5813953488372093,0.6745098039215687
0.0948437728756153,0.3184522764688913,-0.11513158316120387,-0.199505415648619,0.961,-0.006999999999999895,-0.17799999999999994,0.9222726230686349,0.027094221488506858,0.9334277452068027,0.7938739248706719
-0.766947198651527,0.3875920877357997,0.6735078290587482,-0.5376680758186548,0.8092,-0.2533333333333333,0.19999999999999996,0.977995831867452,0.14222022658193018,0.8149138924917138,0.9278385408505568
0.39388384610887917,0.26927668229819934,-0.8008137658536413,-0.10985289145532229,0.9967,-0.13542857142857134,-0.07958910533910524,0.6932887021902963,0.05459770114942528,0.5888324873096447,0.7725490196078432
-0.6583816374716726,0.42920631372096985,0.46835608640685034,-0.7327913678731608,0.9729,0.016199999999999992,0.1416666666666666,0.8533778497958786,0.06473829201101929,0.6269430051813472,0.7568627450980392
0.2568898820515473,-0.21932042092596538,-0.5031744826882265,0.5786133601018153,0.9587,0.07440000000000002,-0.16388888888888886,0.8362468106973198,0.9646017699115044,0.5854922279792746,0.7568627450980392
-0.27988625348872875,-0.46096844539761017,-0.10716959278864513,0.5021604165613356,0.7184,-0.03866666666666674,0.30000000000000004,0.8022623751718967,0.0,0.0,0.0
-0.30286902368313384,0.16259980814624586,0.1534940050964959,-0.34486555774250227,0.989,-0.15236363636363637,-0.07650462962962967,0.8504210066595088,0.5088652482269503,0.6225165562913908,0.592156862745098
-0.009416633870552915,-0.15703941497724716,-0.27240518273209413,-0.5895323006335664,0.9587,0.058800000000000185,0.10370370370370363,0.8584843511706217,0.5924373143093771,0.6550751186756001,0.7146820692101025
-0.6534955414604597,0.7996636440746547,0.6498645472468387,-0.7023615890088598,0.9835,-0.05514285714285705,-0.14666666666666672,0.31370928388693375,0.0,0.0,0.0
-0.24043107433809385,0.08808600142038703,0.036539168869701655,-0.2667718840449753,0.9631,0.10240000000000005,-0.23222222222222222,0.9015687237026475,0.5655885159543912,0.5098027535573487,0.6633032054131401
0.13881988074799456,0.484504473224068,-0.27688707509951993,-0.7266459734234871,0.3367,0.009600000000000053,0.16666666666666674,0.8294743761907126,0.04927744390656522,0.8588462148026937,0.6390992040380501
-0.6458493560854708,0.18911460844489536,0.44677473360186304,-0.33466584754966044,0.886,0.06133333333333324,-0.5499999999999999,0.8561279993816922,0.03794065251030545,0.9154047442858902,0.7536034924835269
-0.2835074640129772,-0.502531736935274,-0.6608012310739886,0.5943534892353934,0.5859,0.10250000000000004,0.0,0.9277713064763644,0.0,0.0,0.0
-0.7066900019591407,-0.5725305930667444,0.25504578029139613,-0.4610974705174433,-0.4155,-0.2573333333333332,-0.5320370370370371,0.8891877129131274,0.05394990366088633,0.8693467336683417,0.7803921568627451
-0.7357530492561986,0.04278924898390901,0.37408015254328064,0.19506240338796088,0.9416,0.08244444444444432,-0.005122655122655084,0.44081787521814286,0.14420803782505912,0.5802469135802468,0.9529411764705882
0.25147911509110865,0.17764127809474117,-0.5286339856606372,-0.5770305273261058,0.9828,-0.04933333333333323,-0.10856060606060602,0.6906827643262501,0.11625514403292177,0.6864406779661016,0.9254901960784314
-0.350252664148444,-0.023738732483735703,0.3072113140627335,-0.2817502370883116,0.4063,0.08899999999999997,-0.06666666666666676,0.8253323300737785,0.5931070899084054,0.5199417112807713,0.7100888538972011
-0.7729002900916391,0.7412773203930816,0.5308448656803919,-0.5963062056698687,0.9186,-0.24,0.16666666666666674,0.9577406405819657,0.0,0.0,0.0
-0.22378891063794915,-0.44917811381094663,-0.49135911053487047,0.047670701880884625,0.9246,0.1339999999999999,0.5,0.9750301094899714,0.0,0.0,0.0
-0.45265188726471506,0.9821012459661183,0.05379423746280132,-0.8819808658591878,0.4738,0.2939999999999998,-0.9,-1.0,0.0,0.0,0.0
0.044385248501325636,0.02396137760608741,-0.37344638165555855,0.054409501902634494,0.836,-0.05240000000000011,0.5,0.920371101434589,0.5663170661285157,0.6654403601356742,0.7312958081701247
-0.1125061990472469,-0.01901403588072026,-0.1425229044548073,-0.02440211431397432,0.9287,0.049000000000000155,-0.06515151515151507,0.8973954842181386,0.6445676338785343,0.7608079309794478,0.9231415881269609
-0.83548041053927,-0.05380209301059413,0.398558650244897,0.5822205638797473,0.9896,-0.0656000000000001,0.04150072150072148,0.6376144045477741,0.056574923547400624,0.5589743589743589,0.7647058823529411
0.051287598358751296,0.24194031076552824,-0.3509350048916712,0.139020681841318,0.9728,0.13028571428571434,0.10086167800453505,0.9306837528369263,0.03455284552845528,0.5394736842105262,0.596078431372549
-0.4877738669412486,0.703454952383012,0.8041580635986754,-0.7229433210733794,0.9536,-0.08849999999999991,0.18571428571428572,-0.359739869672664,0.09914332831474992,0.6176262905080843,0.7317456482935903
-0.47726776951213623,0.6244038071764251,0.48327936982138,-1.0,0.9548,-0.22360000000000002,-0.2583333333333333,-0.06398149505399031,0.5862162274676307,0.5154652959353445,0.7825156940246416
0.1941979024155367,-0.1904375650196577,-0.2333801809025723,0.411238810446958,0.972,0.0496363636363637,0.06428571428571428,0.9441263225374621,0.9965986394557823,0.3951612903225806,0.48627450980392156
-0.034670229844552924,0.180861061379199,-0.26068680589747895,0.2335721682647669,0.9657,0.10655555555555551,0.4983333333333333,0.9173347427577074,0.09694989106753811,0.7050691244239631,0.8509803921568627
-0.3364536416484979,-0.37973333780556096,-0.008569384802336044,-0.0036005943322572342,0.9436,-0.06666666666666654,-0.013333333333333308,0.9636752007939209,0.0,0.0,0.0
-0.6085298328415287,0.8208517322907909,0.5834800925540438,-0.8316347693909893,0.9538,-0.264,-0.027272727272727226,-0.027587054137532596,0.0,0.0,0.0
-0.060030318734893395,-0.11947970717647705,-0.3134166432383395,-0.38757873928026276,0.994,0.24288888888888915,0.38863636363636367,0.9634279091184641,0.5496941896024464,0.9561403508771931,0.8941176470588236
-0.892894907369719,-0.08046443068387399,0.6123767525762869,0.40177544701316426,0.9919,-0.1955652173913044,-0.053888888888888875,0.8345420891139947,0.062318840579710134,0.680473372781065,0.6627450980392157
0.41408734878597686,0.05157854057702105,-0.8309305976860399,-0.16192925562787486,0.9922,-0.029200000000000004,-0.17896577380952372,0.3279729667460056,0.4528985507246377,0.7022900763358778,0.5137254901960784
0.1609992949420671,0.1700690770609905,-0.18556450730398266,-0.5992710258391168,0.9631,0.011600000000000055,-0.31214225589225597,0.8288709104430221,0.17123287671232879,0.3924731182795699,0.7294117647058823
-0.8200234607395313,-0.16996543027491395,0.4047075879025612,0.5633777292751971,0.9577,0.011076923076922984,0.08487345987345996,0.9364704064548695,0.065359477124183,0.5177664974619289,0.7725490196078432
-0.3427700748425435,0.28855939287582966,0.1757781395786826,-0.7381664689056925,0.967,-0.3295999999999999,0.39888888888888885,0.8908173113047562,0.5862068965517242,0.8345323741007193,0.5450980392156862
0.40986550697950386,0.39116564375825535,-0.8588270373480015,0.1799955927943686,0.9993,0.06289999999999996,0.030412253285152513,0.4670088026384962,0.12605042016806725,0.5639810426540284,0.8274509803921568
-0.7187881669829792,0.27807179153202677,0.5849834484489811,-0.25079668350281004,0.9902,-0.039111111111110985,-0.048666666666666636,0.9537215074753362,0.08533333333333333,0.6313131313131314,0.7764705882352941
-0.3855665457252718,0.1794632829235434,0.5779322465042505,-0.32774968271253835,0.9689,-0.08777777777777773,0.2800505050505051,0.9381439633771018,0.9587628865979382,0.7185185185185184,0.5294117647058824
-0.8793560136530799,-0.09632314374230688,0.5542516247312101,0.6023259252576627,0.9965,-0.12744444444444458,-0.09044307874665036,0.7127640166823321,0.06746031746031746,0.6847826086956522,0.7215686274509804
